{"test_memory_1": {"stability": 15.4722, "difficulty": 3.28285649513529, "reps": 2, "lapses": 0, "last_review": "2026-04-07T18:43:57.250203+00:00"}}