{
  "harvest_frequency": 0.9900000000000001,
  "crisis_sensitivity": 0.8820000000000001,
  "training_intensity": 1.0,
  "exploration_rate": 0.12100000000000002,
  "reward_history": [
    1.125,
    1.105
  ],
  "generation": 2
}