{"w_ih": [[0.2338044054241612, -0.44802590150428157, 0.01489006178817348, -0.05563409528335059, 0.01226317719212648, -0.4668172930606379, -0.547273679083095, 0.5469797616892357], [0.589654826755097, 0.17878635366439505, 0.40586776794452145, 0.24671318932472244, -0.10693391675679846, -0.6880670848017544, 0.21485022217627928, 0.46907067456048507], [0.39950719210509, -0.45469115041836083, 0.1601746014156191, -0.4490302700616036, -0.30674281535167935, -0.2796316114632508, 0.15624628071739163, 0.3069623951157775], [0.28612023027848094, -0.3191649171575537, -0.16851443248954553, -0.41277274916317086, -0.2039942961590689, -0.31087952431215077, 0.34809913788775243, 0.21306050698264742]], "w_ho": [[0.14152864880861324, 0.12114762115531845], [-0.29933700596491053, -0.22705689883259544], [-0.25315956293910924, 0.09334373783180332], [0.05026218625208166, 0.2802218642796328], [-0.1828945374418772, -0.046602860865987486], [-0.2359814828181362, -0.22368419475972878], [-0.03519373730275549, 0.3352181971400685], [0.23638435436910785, 0.164878343753701]], "n_inputs": 4, "n_hidden": 8, "n_outputs": 2, "trained": true}