{
  "model_name": "care_pattern_analyzer",
  "metrics": {
    "mse": 0.0023714787468849894,
    "mae": 0.03717489627299254,
    "training_samples": 600,
    "input_features": 12,
    "output_dimensions": 5,
    "per_output": {
      "burnout_risk": {
        "mse": 0.0023559335852340758,
        "mae": 0.03787959622104249
      },
      "care_imbalance": {
        "mse": 0.001364622140274292,
        "mae": 0.024108633402071696
      },
      "compassion_fatigue": {
        "mse": 0.002532297598109653,
        "mae": 0.040253613973709336
      },
      "sustainability": {
        "mse": 0.002450511002452431,
        "mae": 0.0388522351205212
      },
      "intervention_needed": {
        "mse": 0.0031540294083544965,
        "mae": 0.04478040264761795
      }
    }
  },
  "is_trained": true,
  "saved_at": "2026-05-26T06:27:33.456738"
}