{
  "model_name": "care_validation_nn",
  "metrics": {
    "mse": 0.05062735959706387,
    "mae": 0.18806247323023007,
    "training_samples": 19,
    "input_features": 59,
    "output_dimensions": 6
  },
  "is_trained": true,
  "saved_at": "2026-05-26T06:27:31.964212"
}