{
  "model_name": "care_pattern_analyzer",
  "metrics": {
    "mse": 0.004666769063708382,
    "mae": 0.043544311634884765,
    "training_samples": 642,
    "input_features": 12,
    "output_dimensions": 5,
    "per_output": {
      "burnout_risk": {
        "mse": 0.0024681539911919825,
        "mae": 0.03935736193492713
      },
      "care_imbalance": {
        "mse": 0.012015766475812645,
        "mae": 0.049251947685565144
      },
      "compassion_fatigue": {
        "mse": 0.0028833839023695313,
        "mae": 0.04239503354449396
      },
      "sustainability": {
        "mse": 0.0025025954144375986,
        "mae": 0.039774990001991105
      },
      "intervention_needed": {
        "mse": 0.0034639455347301525,
        "mae": 0.046942225007446506
      }
    }
  },
  "is_trained": true,
  "saved_at": "2026-06-12T22:01:50.210924"
}