{
  "model_name": "care_validation_nn",
  "metrics": {
    "mse": 0.0020610951560054804,
    "mae": 0.034987058395627914,
    "training_samples": 54,
    "input_features": 175,
    "output_dimensions": 6
  },
  "is_trained": true,
  "saved_at": "2026-06-19T11:05:58.363015"
}