{
  "model_name": "care_validation_nn",
  "metrics": {
    "mse": 0.006641514130874124,
    "mae": 0.03434465530571578,
    "training_samples": 61,
    "input_features": 176,
    "output_dimensions": 6
  },
  "is_trained": true,
  "saved_at": "2026-06-10T22:09:03.348369"
}