{
  "model_name": "care_validation_nn",
  "metrics": {
    "mse": 0.03543247993114737,
    "mae": 0.1401605596410805,
    "training_samples": 1338,
    "input_features": 64,
    "output_dimensions": 6
  },
  "is_trained": true,
  "saved_at": "2026-06-17T10:33:03.875229"
}