{
  "model_name": "creativity_assessment_nn",
  "metrics": {
    "mse": 0.0031865251550066897,
    "mae": 0.04013414745214061,
    "training_samples": 165,
    "input_features": 64,
    "output_dimensions": 4
  },
  "is_trained": true,
  "saved_at": "2026-05-27T17:18:43.933989"
}