{
  "model_name": "partnership_detection_ml",
  "metrics": {
    "mse": 0.057702720545692414,
    "mae": 0.19193833522196807,
    "training_samples": 1000,
    "input_features": 64,
    "output_dimensions": 4
  },
  "is_trained": true,
  "saved_at": "2026-06-17T10:33:03.927264"
}