{
  "model_name": "partnership_detection_ml",
  "metrics": {
    "mse": 0.0005798844888473713,
    "mae": 0.00815264520517411,
    "training_samples": 100,
    "input_features": 64,
    "output_dimensions": 8
  },
  "is_trained": true,
  "saved_at": "2026-05-27T17:18:43.888841"
}