{
  "model_name": "relationship_evolution_nn",
  "metrics": {
    "mse": 0.0014252989061744506,
    "mae": 0.02080206340826268,
    "training_samples": 203,
    "input_features": 64,
    "output_dimensions": 3
  },
  "is_trained": true,
  "saved_at": "2026-05-27T17:18:44.032971"
}