{
  "model_name": "relationship_evolution_nn",
  "metrics": {
    "mse": 0.009674633596773705,
    "mae": 0.0710539712044947,
    "training_samples": 500,
    "input_features": 10,
    "output_dimensions": 3,
    "per_output": {
      "future_trust": {
        "mse": 0.003977735756791101,
        "mae": 0.05008015940878298
      },
      "trajectory": {
        "mse": 0.021848578368636587,
        "mae": 0.11754320682888693
      },
      "engagement": {
        "mse": 0.003197586664893433,
        "mae": 0.045538547375814246
      }
    }
  },
  "is_trained": true,
  "saved_at": "2026-05-26T06:27:32.590762"
}