{
  "model_name": "relationship_evolution_nn",
  "metrics": {
    "mse": 0.011403523242857793,
    "mae": 0.07517457630835113,
    "training_samples": 542,
    "input_features": 10,
    "output_dimensions": 3,
    "per_output": {
      "future_trust": {
        "mse": 0.003908886060935163,
        "mae": 0.049991155419338636
      },
      "trajectory": {
        "mse": 0.0267841771473836,
        "mae": 0.12819066336542528
      },
      "engagement": {
        "mse": 0.0035175065202546155,
        "mae": 0.047341910140289434
      }
    }
  },
  "is_trained": true,
  "saved_at": "2026-06-10T22:09:03.866389"
}