{
  "model_name": "threat_detection_nn",
  "metrics": {
    "mse": 0.0005320282301729259,
    "mae": 0.009274112581257621,
    "training_samples": 212,
    "input_features": 64,
    "output_dimensions": 4
  },
  "is_trained": true,
  "saved_at": "2026-05-27T17:18:43.778764"
}